[
{
 "model": "auth.user",
 "pk": 1,
 "fields": {
  "password": "pbkdf2_sha256$30000$4qybUPscjFTq$CvNaiVIFYlwXLVPUQlOk8hlE7duE93Bdv1LyIMj2RRo=",
  "last_login": "2017-03-22T05:38:02.728",
  "is_superuser": true,
  "username": "ps250112",
  "first_name": "",
  "last_name": "",
  "email": "",
  "is_staff": true,
  "is_active": true,
  "date_joined": "2017-03-15T11:01:44.764",
  "groups": [],
  "user_permissions": []
 }
},
{
 "model": "auth.user",
 "pk": 2,
 "fields": {
  "password": "pbkdf2_sha256$30000$9I20UakFTpfx$y7eJAH51Uet6UY3A56g+JLEiG4qvks9XyGZnXy5B0E4=",
  "last_login": "2017-03-19T11:21:55.386",
  "is_superuser": true,
  "username": "pierre",
  "first_name": "",
  "last_name": "",
  "email": "",
  "is_staff": true,
  "is_active": true,
  "date_joined": "2017-03-19T11:14:45.991",
  "groups": [],
  "user_permissions": []
 }
},
{
 "model": "sessions.session",
 "pk": "94uzvee76vhqf147b15a4lf8x25mm3pl",
 "fields": {
  "session_data": "NTI3YWUwYzY1YzRiMDBlZTQxZTQzNzY5MDgzYTY3NDQyZmIwYmNjNDp7Il9hdXRoX3VzZXJfaGFzaCI6IjI2ZTI0NjYzOTM5Mjk1YTAwOGFmOGNlYTgzMzJiYjRjYmQwYzNiOTIiLCJfYXV0aF91c2VyX2lkIjoiMSIsIl9hdXRoX3VzZXJfYmFja2VuZCI6ImRqYW5nby5jb250cmliLmF1dGguYmFja2VuZHMuTW9kZWxCYWNrZW5kIn0=",
  "expire_date": "2017-04-03T05:23:00.417"
 }
},
{
 "model": "sites.site",
 "pk": 1,
 "fields": {
  "domain": "example.com",
  "name": "example.com"
 }
},
{
 "model": "survey.survey",
 "pk": 1,
 "fields": {
  "name": "Test survey",
  "description": "Lorem ipsum dolor sit amët, consectetur adipiscing elit, sed do eiusmod tempor incididunt ut labore et dolore magna aliqua. Ut enim ad minim veniam, quis nostrud exercitation ullamco laboris nisi ut aliquip ex ea commodo consequat. Duis aute irure dolor in reprehenderit in voluptate velit esse cillum dolore eu fugiat nulla pariatur. Excepteur sint occaecat cupidatat non proident, sunt in culpa qui officia deserunt mollit anim id est laborum.",
  "is_published": true,
  "need_logged_user": true,
  "display_by_question": false,
  "template": ""
 }
},
{
 "model": "survey.survey",
 "pk": 2,
 "fields": {
  "name": "Short Survey",
  "description": "Lorem ipsum dolor sit amët, consectetur adipiscing elit, sed do eiusmod tempor incididunt ut labore et dolore magna aliqua. Ut enim ad minim veniam, quis nostrud exercitation ullamco laboris nisi ut aliquip ex ea commodo consequat. Duis aute irure dolor in reprehenderit in voluptate velit esse cillum dolore eu fugiat nulla pariatur. Excepteur sint occaecat cupidatat non proident, sunt in culpa qui officia deserunt mollit anim id est laborum.",
  "is_published": true,
  "need_logged_user": false,
  "display_by_question": false,
  "template": ""
 }
},
{
 "model": "survey.category",
 "pk": 1,
 "fields": {
  "name": "Lorem",
  "survey": 1,
  "order": 1,
  "description": "Lorem description"
 }
},
{
 "model": "survey.category",
 "pk": 2,
 "fields": {
  "name": "Ipsum",
  "survey": 1,
  "order": 2,
  "description": "Ipsum description"
 }
},
{
 "model": "survey.category",
 "pk": 3,
 "fields": {
  "name": "Dolor",
  "survey": 1,
  "order": 3,
  "description": "Dolor description"
 }
},
{
 "model": "survey.question",
 "pk": 1,
 "fields": {
  "text": "Lorem ipsum dolor sit amët, <strong> consectetur </strong> adipiscing elit.",
  "order": 1,
  "required": true,
  "category": 1,
  "survey": 1,
  "type": "select-multiple",
  "choices": "Yës, no, Maybe"
 }
},
{
 "model": "survey.question",
 "pk": 2,
 "fields": {
  "text": "Ipsum dolor sit amët, <strong> consectetur </strong>  adipiscing elit.",
  "order": 2,
  "required": false,
  "category": 2,
  "survey": 1,
  "type": "radio",
  "choices": "Yës, No"
 }
},
{
 "model": "survey.question",
 "pk": 3,
 "fields": {
  "text": "Dolor sit amët, <strong> consectetur</strong>  adipiscing elit.",
  "order": 3,
  "required": false,
  "category": 3,
  "survey": 1,
  "type": "text",
  "choices": ""
 }
},
{
 "model": "survey.question",
 "pk": 4,
 "fields": {
  "text": "Lorem ipsum dolor sit amët, consectetur<strong>  adipiscing </strong> elit.",
  "order": 4,
  "required": false,
  "category": 1,
  "survey": 1,
  "type": "select",
  "choices": "Yës, No, Maybe"
 }
},
{
 "model": "survey.question",
 "pk": 5,
 "fields": {
  "text": "Ipsum dolor sit amët, consectetur <strong> adipiscing </strong> elit.",
  "order": 5,
  "required": true,
  "category": 2,
  "survey": 1,
  "type": "integer",
  "choices": ""
 }
},
{
 "model": "survey.question",
 "pk": 6,
 "fields": {
  "text": "Dolor sit amët, consectetur<strong>  adipiscing</strong>  elit.",
  "order": 6,
  "required": true,
  "category": 3,
  "survey": 1,
  "type": "select-multiple",
  "choices": "Yës, No , Maybe, Whatever"
 }
},
{
 "model": "survey.question",
 "pk": 7,
 "fields": {
  "text": "Lorem?",
  "order": 1,
  "required": true,
  "category": null,
  "survey": 2,
  "type": "select-multiple",
  "choices": "1, 2, 3, 4, 5"
 }
},
{
 "model": "survey.question",
 "pk": 8,
 "fields": {
  "text": "Ipsum?",
  "order": 2,
  "required": false,
  "category": null,
  "survey": 2,
  "type": "radio",
  "choices": "1, 2, 3, 4, 5"
 }
},
{
 "model": "survey.response",
 "pk": 8,
 "fields": {
  "created": "2017-03-19T11:33:22.379",
  "updated": "2017-03-19T12:04:11.997",
  "survey": 2,
  "user": [
   "pierre"
  ],
  "interview_uuid": "5bc13b731b7a41599c6cbacd7f7b54f3"
 }
},
{
 "model": "survey.response",
 "pk": 10,
 "fields": {
  "created": "2017-03-19T11:59:00.802",
  "updated": "2017-03-19T12:20:11.501",
  "survey": 1,
  "user": [
   "pierre"
  ],
  "interview_uuid": "37fe2707287743dcbe6d5de6cbec7407"
 }
},
{
 "model": "survey.response",
 "pk": 11,
 "fields": {
  "created": "2017-03-20T05:12:03.007",
  "updated": "2017-03-23T03:34:32.340",
  "survey": 2,
  "user": [
   "ps250112"
  ],
  "interview_uuid": "663b61b63fdc485080450add65a8a324"
 }
},
{
 "model": "survey.response",
 "pk": 12,
 "fields": {
  "created": "2017-03-22T08:24:43.468",
  "updated": "2017-03-22T10:27:59.183",
  "survey": 1,
  "user": [
   "ps250112"
  ],
  "interview_uuid": "e9b616a8adc24902aa4bc2fa2d57d4bb"
 }
},
{
 "model": "survey.answerbase",
 "pk": 31,
 "fields": {
  "question": 7,
  "response": 8,
  "created": "2017-03-19T11:57:56.650",
  "updated": "2017-03-19T12:04:12.038"
 }
},
{
 "model": "survey.answerbase",
 "pk": 32,
 "fields": {
  "question": 3,
  "response": 10,
  "created": "2017-03-19T11:59:00.819",
  "updated": "2017-03-19T12:20:11.530"
 }
},
{
 "model": "survey.answerbase",
 "pk": 33,
 "fields": {
  "question": 2,
  "response": 10,
  "created": "2017-03-19T11:59:00.848",
  "updated": "2017-03-19T12:20:11.569"
 }
},
{
 "model": "survey.answerbase",
 "pk": 34,
 "fields": {
  "question": 1,
  "response": 10,
  "created": "2017-03-19T11:59:00.884",
  "updated": "2017-03-19T12:20:11.611"
 }
},
{
 "model": "survey.answerbase",
 "pk": 35,
 "fields": {
  "question": 6,
  "response": 10,
  "created": "2017-03-19T11:59:00.902",
  "updated": "2017-03-19T12:20:11.674"
 }
},
{
 "model": "survey.answerbase",
 "pk": 36,
 "fields": {
  "question": 5,
  "response": 10,
  "created": "2017-03-19T11:59:00.933",
  "updated": "2017-03-19T12:20:11.761"
 }
},
{
 "model": "survey.answerbase",
 "pk": 37,
 "fields": {
  "question": 4,
  "response": 10,
  "created": "2017-03-19T11:59:00.950",
  "updated": "2017-03-19T12:20:11.802"
 }
},
{
 "model": "survey.answerbase",
 "pk": 38,
 "fields": {
  "question": 8,
  "response": 11,
  "created": "2017-03-20T05:12:03.076",
  "updated": "2017-03-23T03:34:32.374"
 }
},
{
 "model": "survey.answerbase",
 "pk": 39,
 "fields": {
  "question": 7,
  "response": 11,
  "created": "2017-03-20T05:12:03.093",
  "updated": "2017-03-23T03:34:32.400"
 }
},
{
 "model": "survey.answerbase",
 "pk": 40,
 "fields": {
  "question": 3,
  "response": 12,
  "created": "2017-03-22T08:24:43.531",
  "updated": "2017-03-22T10:27:59.259"
 }
},
{
 "model": "survey.answerbase",
 "pk": 41,
 "fields": {
  "question": 2,
  "response": 12,
  "created": "2017-03-22T08:24:43.546",
  "updated": "2017-03-22T10:27:59.300"
 }
},
{
 "model": "survey.answerbase",
 "pk": 42,
 "fields": {
  "question": 1,
  "response": 12,
  "created": "2017-03-22T08:24:43.560",
  "updated": "2017-03-22T10:27:59.334"
 }
},
{
 "model": "survey.answerbase",
 "pk": 43,
 "fields": {
  "question": 6,
  "response": 12,
  "created": "2017-03-22T08:24:43.582",
  "updated": "2017-03-22T10:27:59.356"
 }
},
{
 "model": "survey.answerbase",
 "pk": 44,
 "fields": {
  "question": 5,
  "response": 12,
  "created": "2017-03-22T08:24:43.595",
  "updated": "2017-03-22T10:27:59.411"
 }
},
{
 "model": "survey.answerbase",
 "pk": 45,
 "fields": {
  "question": 4,
  "response": 12,
  "created": "2017-03-22T08:24:43.617",
  "updated": "2017-03-22T10:27:59.434"
 }
},
{
 "model": "survey.answertext",
 "pk": 32,
 "fields": {
  "body": "Text for a response"
 }
},
{
 "model": "survey.answertext",
 "pk": 40,
 "fields": {
  "body": ""
 }
},
{
 "model": "survey.answerradio",
 "pk": 33,
 "fields": {
  "body": ""
 }
},
{
 "model": "survey.answerradio",
 "pk": 38,
 "fields": {
  "body": "5"
 }
},
{
 "model": "survey.answerradio",
 "pk": 41,
 "fields": {
  "body": ""
 }
},
{
 "model": "survey.answerselect",
 "pk": 37,
 "fields": {
  "body": ""
 }
},
{
 "model": "survey.answerselect",
 "pk": 45,
 "fields": {
  "body": ""
 }
},
{
 "model": "survey.answerselectmultiple",
 "pk": 31,
 "fields": {
  "body": "[u'2', u'4']"
 }
},
{
 "model": "survey.answerselectmultiple",
 "pk": 34,
 "fields": {
  "body": "[u'Yës', u'Maybe']"
 }
},
{
 "model": "survey.answerselectmultiple",
 "pk": 35,
 "fields": {
  "body": "[u'No', u'Whatever']"
 }
},
{
 "model": "survey.answerselectmultiple",
 "pk": 39,
 "fields": {
  "body": "[u'2']"
 }
},
{
 "model": "survey.answerselectmultiple",
 "pk": 42,
 "fields": {
  "body": "[u'Yës']"
 }
},
{
 "model": "survey.answerselectmultiple",
 "pk": 43,
 "fields": {
  "body": "[u'Yës']"
 }
},
{
 "model": "survey.answerinteger",
 "pk": 36,
 "fields": {
  "body": 1
 }
},
{
 "model": "survey.answerinteger",
 "pk": 44,
 "fields": {
  "body": 1
 }
}
]
